"","BarcodeSequence","LinkerPrimerSequence","SubjectID","Ig","posneg","subjgrp","subjgrp2","Sample_Project","sampord","sl_reads","Description"
"X7313.IgApos","GTCTAATTCCGAG",NA,"P7313","IgA","pos","elite","",0.2132,46,25033,NA
"X7313.IgAneg","TCCGAATTCACAG",NA,"P7313","IgA","neg","elite","",0.3531,47,41743,NA
"X7313.pre","ACGCCACGAATGA",NA,"P7313","pre","pre","elite","",0.3228,48,41092,NA
"X7313.IgGpos","GGCCACGTAGTAT",NA,"P7313","IgG","pos","elite","",0.3371,49,43555,NA
"X7313.IgGneg","TAGGAACTGGCCT",NA,"P7313","IgG","neg","elite","",0.3654,50,44564,NA
"X0477.IgApos","CTAGCGAACATCG",NA,"P477","IgA","pos","elite","",0.1618,51,21084,NA
"X0477.IgAneg","GACAGGAGATAGC",NA,"P477","IgA","neg","elite","",0.5068,52,64134,NA
"X0477.pre","ATTCCTGTGAGTC",NA,"P477","pre","pre","elite","",0.2174,53,28534,NA
"X0477.IgGpos","GAGGCTCATCATC",NA,"P477","IgG","pos","elite","",0.2014,54,26227,NA
"X0477.IgGneg","TCCTCTGTCGACA",NA,"P477","IgG","neg","elite","",0.2961,55,38559,NA
"X9329.IgApos","CTATTTGCGACAG",NA,"P9329","IgA","pos","elite","",0.1944,56,25683,NA
"X9329.IgAneg","AGTAGAGGGATGT",NA,"P9329","IgA","neg","elite","",0.1312,57,16025,NA
"X9329.pre","CGCAGCGGTATAT",NA,"P9329","pre","pre","elite","",0.2083,58,27267,NA
"X9329.IgGpos","AATGCCTCAACTG",NA,"P9329","IgG","pos","elite","",0.4513,59,58095,NA
"X9329.IgGneg","GGTGTCTATTGTG",NA,"P9329","IgG","neg","elite","",0.1391,60,17076,NA
"X9366.pre","",NA,"P9366","pre","pre","acute","inf",NA,NA,90455,NA
"X9366.IgGpos","",NA,"P9366","IgG","pos","acute","inf",NA,NA,87040,NA
"X9366.IgGneg","",NA,"P9366","IgG","neg","acute","inf",NA,NA,99366,NA
"X9366.IgApos","",NA,"P9366","IgA","pos","acute","inf",NA,NA,104824,NA
"X9366.IgAneg","",NA,"P9366","IgA","neg","acute","inf",NA,NA,109518,NA
"X8531.pre","",NA,"P8531","pre","pre","uninf","uninf",NA,NA,147478,NA
"X8531.IgGpos","",NA,"P8531","IgG","pos","uninf","uninf",NA,NA,66482,NA
"X8531.IgGneg","",NA,"P8531","IgG","neg","uninf","uninf",NA,NA,130467,NA
"X8531.IgApos","",NA,"P8531","IgA","pos","uninf","uninf",NA,NA,139190,NA
"X8531.IgAneg","",NA,"P8531","IgA","neg","uninf","uninf",NA,NA,108505,NA
"X8489.pre","",NA,"P8489","pre","pre","acute","inf",NA,NA,125659,NA
"X8489.IgGpos","",NA,"P8489","IgG","pos","acute","inf",NA,NA,88422,NA
"X8489.IgGneg","",NA,"P8489","IgG","neg","acute","inf",NA,NA,206091,NA
"X8489.IgApos","",NA,"P8489","IgA","pos","acute","inf",NA,NA,134345,NA
"X8489.IgAneg","",NA,"P8489","IgA","neg","acute","inf",NA,NA,70081,NA
"X8296.pre","",NA,"P8296","pre","pre","uninf","uninf",NA,NA,177167,NA
"X8296.IgGpos","",NA,"P8296","IgG","pos","uninf","uninf",NA,NA,93310,NA
"X8296.IgGneg","",NA,"P8296","IgG","neg","uninf","uninf",NA,NA,193801,NA
"X8296.IgApos","",NA,"P8296","IgA","pos","uninf","uninf",NA,NA,107737,NA
"X8296.IgAneg","",NA,"P8296","IgA","neg","uninf","uninf",NA,NA,123518,NA
"X6095.pre","",NA,"P6095","pre","pre","uninf","uninf",NA,NA,186568,NA
"X6095.IgGpos","",NA,"P6095","IgG","pos","uninf","uninf",NA,NA,125555,NA
"X6095.IgGneg","",NA,"P6095","IgG","neg","uninf","uninf",NA,NA,75637,NA
"X6095.IgApos","",NA,"P6095","IgA","pos","uninf","uninf",NA,NA,97130,NA
"X6095.IgAneg","",NA,"P6095","IgA","neg","uninf","uninf",NA,NA,162080,NA
"X4608.pre","",NA,"P4608","pre","pre","uninf","uninf",NA,NA,114480,NA
"X4608.IgGpos","",NA,"P4608","IgG","pos","uninf","uninf",NA,NA,139141,NA
"X4608.IgGneg","",NA,"P4608","IgG","neg","uninf","uninf",NA,NA,111357,NA
"X4608.IgApos","",NA,"P4608","IgA","pos","uninf","uninf",NA,NA,126531,NA
"X4608.IgAneg","",NA,"P4608","IgA","neg","uninf","uninf",NA,NA,116843,NA
"X3124.pre","",NA,"P3124","pre","pre","elite","",NA,NA,129684,NA
"X3124.IgGpos","",NA,"P3124","IgG","pos","elite","",NA,NA,114710,NA
"X3124.IgGneg","",NA,"P3124","IgG","neg","elite","",NA,NA,144790,NA
"X3124.IgApos","",NA,"P3124","IgA","pos","elite","",NA,NA,109159,NA
"X3124.IgAneg","",NA,"P3124","IgA","neg","elite","",NA,NA,174308,NA
"X2225.pre","",NA,"P2225","pre","pre","uninf","uninf",NA,NA,208915,NA
"X2225.IgGpos","",NA,"P2225","IgG","pos","uninf","uninf",NA,NA,134185,NA
"X2225.IgGneg","",NA,"P2225","IgG","neg","uninf","uninf",NA,NA,169554,NA
"X2225.IgApos","",NA,"P2225","IgA","pos","uninf","uninf",NA,NA,98973,NA
"X2225.IgAneg","",NA,"P2225","IgA","neg","uninf","uninf",NA,NA,107972,NA
"X1275.pre","",NA,"P1275","pre","pre","uninf","uninf",NA,NA,122692,NA
"X1275.IgGpos","",NA,"P1275","IgG","pos","uninf","uninf",NA,NA,97749,NA
"X1275.IgGneg","",NA,"P1275","IgG","neg","uninf","uninf",NA,NA,96607,NA
"X1275.IgApos","",NA,"P1275","IgA","pos","uninf","uninf",NA,NA,114222,NA
"X1275.IgAneg","",NA,"P1275","IgA","neg","uninf","uninf",NA,NA,112299,NA
